Title,Link,Description
,https://www.coursera.org/courses?query=data%20science&topic=Data%20Science,
,"https://365datascience.com/career-advice/career-guides/best-degrees-data-scientist/#:~:text=The%20best%20colleges%20for%20data,research%20opportunities%2C%20and%20industry%20connections.",
,https://iide.co/blog/data-science-courses-in-bangalore/,
,"https://dataexpertise.in/can-i-learn-data-analytics-in-3-months/?noamp=mobile#:~:text=The%20key%20to%20success%20is,learning%20and%20hands%2Don%20experience.",
Best Data Science Courses & Certificates [2025],https://www.coursera.org/courses?query=data%20science&topic=Data%20Science,"Best Data Science Courses & Certificates [2025]
Coursera
https://www.coursera.org › courses › topic=Data Science"
Top Data Science Courses Online - Updated [February 2025],https://www.udemy.com/topic/data-science/?srsltid=AfmBOopxProHTKAtaRxTEmTZDpqE_dkgGNbFtWpi4TKMxK94jhWv0-lb,"Top Data Science Courses Online - Updated [February 2025]
Udemy
https://www.udemy.com › topic › data-science"
Data Science Online Courses,https://www.coursera.org/browse/data-science,"Data Science Online Courses
Coursera
https://www.coursera.org › browse › data-science"
Best Data Science Courses in India,https://www.linkedin.com/pulse/best-data-science-courses-india-abhishek-vijayvargia-6yzzc,"Best Data Science Courses in India
LinkedIn · Abhishek Vijayvargia
60+ reactions · 9 months ago"
What's the best data science courses even if its paid for a ...,https://www.reddit.com/r/dataanalysis/comments/waqrld/whats_the_best_data_science_courses_even_if_its/,"What's the best data science courses even if its paid for a ...
Reddit · r/dataanalysis
30+ comments · 2 years ago"
Data Science Course | Live Course with Job Assistance,https://www.odinschool.com/data-science-course,"Data Science Course | Live Course with Job Assistance
OdinSchool
https://www.odinschool.com › data-science-course"
Data Science Courses | Harvard University,https://pll.harvard.edu/subject/data-science,"Data Science Courses | Harvard University
Harvard University
https://pll.harvard.edu › subject › data-science"
AI integrated Data Science Course Online,https://www.scaler.com/data-science-course/,"AI integrated Data Science Course Online
Scaler
https://www.scaler.com › data-science-course"
I ranked every Intro to Data Science course on the internet ...,https://medium.com/free-code-camp/i-ranked-all-the-best-data-science-intro-courses-based-on-thousands-of-data-points-db5dc7e3eb8e,"I ranked every Intro to Data Science course on the internet ...
Medium · David Venturi
8 years ago"
